avgScore,avgTripDistance,carShare,fuaName,iterations,popSample,ptShare,seed,threads,utilitycar,utilitypt,utilitywalk,walkShare,openmole$experiment
-324.8575739099871,0.9496766268522817,0.6209563994374121,Taunton,1,0.1,0.2060478199718706,201.86842634772438,10,79.00730018622848,48.41379389098493,87.70084172462246,0.1729957805907173,2
-327.10974500703225,1.224162207916283,0.5921237693389592,Taunton,1,0.1,0.21518987341772153,7143.720644087721,10,42.24359142546705,56.51080498827048,42.08945682466436,0.19268635724331926,3
