output,x1,x2
y1,0.8001483065451678,0.19876649366638038
y2,0.6762547435440218,0.2949454017013516
