output,x1,x2
y1,0.7928652266526345,0.1949218060125933
y2,0.6870225447191048,0.2583230367212431
