output,x1,x2
y1,0.7767587790276483,0.18710511045193573
y2,0.6595161683942274,0.29844870950364605
