output,x1,x2
y1,0.8027317094573884,0.20039237816519243
y2,0.7001766091645676,0.3252542514124886
